id,sport,brand,name,sku,current_url
marucci-mfg2cdfp115-fastpitch,fastpitch,Marucci,"Marucci Caddo V2 11.5"" Fastpitch Softball Glove: MFG2CDFP115",mfg2cdfp115,https://www.justballgloves.com/product/marucci-caddo-v2-11-5--fastpitch-softball-glove--mfg2cdfp115/?rfsn=9019128.19c2ec
marucci-mfgcyfp44a2-fastpitch,fastpitch,Marucci,"Marucci Cypress 11.75"" Fastpitch Softball Glove: MFGCYFP44A2",mfgcyfp44a2,https://www.justballgloves.com/product/marucci-cypress-11-75--fastpitch-softball-glove--mfgcyfp44a2/?rfsn=9019128.19c2ec
marucci-mfgox44a5fp-tf-fastpitch,fastpitch,Marucci,"Marucci Oxbow 11.75"" Fastpitch Softball Glove: MFGOX44A5FP-TF",mfgox44a5fp-tf,https://www.justballgloves.com/product/marucci-oxbow-11-75--fastpitch-softball-glove--mfgox44a5fp-tf/?rfsn=9019128.19c2ec
marucci-mfgasfp45a5-fastpitch,fastpitch,Marucci,"Marucci Ascension 12"" Fastpitch Softball Glove: MFGASFP45A5",mfgasfp45a5,https://www.justballgloves.com/product/marucci-ascension-12--fastpitch-softball-glove--mfgasfp45a5/?rfsn=9019128.19c2ec
marucci-mfgcyfp45a5-fastpitch,fastpitch,Marucci,"Marucci Cypress 12"" Fastpitch Softball Glove: MFGCYFP45A5",mfgcyfp45a5,https://www.justballgloves.com/product/marucci-cypress-12--fastpitch-softball-glove--mfgcyfp45a5/?rfsn=9019128.19c2ec
marucci-mfgcyfp45k6-fastpitch,fastpitch,Marucci,"Marucci Cypress 12"" Fastpitch Softball Glove: MFGCYFP45K6",mfgcyfp45k6,https://www.justballgloves.com/product/marucci-cypress-12--fastpitch-softball-glove--mfgcyfp45k6/?rfsn=9019128.19c2ec
marucci-mfgcyfp46a6-fastpitch,fastpitch,Marucci,"Marucci Cypress 12.25"" Fastpitch Softball Glove: MFGCYFP46A6",mfgcyfp46a6,https://www.justballgloves.com/product/marucci-cypress-12-25--fastpitch-softball-glove--mfgcyfp46a6/?rfsn=9019128.19c2ec
marucci-mfgcyfp46k5-fastpitch,fastpitch,Marucci,"Marucci Cypress 12.25"" Fastpitch Softball Glove: MFGCYFP46K5",mfgcyfp46k5,https://www.justballgloves.com/product/marucci-cypress-12-25--fastpitch-softball-glove--mfgcyfp46k5/?rfsn=9019128.19c2ec
marucci-mfgox45k3fp-tf-fastpitch,fastpitch,Marucci,"Marucci Oxbow 12"" Fastpitch Softball Glove: MFGOX45K3FP-TF",mfgox45k3fp-tf,https://www.justballgloves.com/product/marucci-oxbow-12--fastpitch-softball-glove--mfgox45k3fp-tf/?rfsn=9019128.19c2ec
marucci-mfg3ac99r4fp-cm-fastpitch,fastpitch,Marucci,"Marucci Acadia 13"" Fastpitch Softball Glove: MFG3AC99R4FP-CM",mfg3ac99r4fp-cm,https://www.justballgloves.com/product/marucci-acadia-13--fastpitch-softball-glove--mfg3ac99r4fp-cm/?rfsn=9019128.19c2ec
marucci-mfgcyfp98r2-fastpitch,fastpitch,Marucci,"Marucci Cypress 12.75"" Fastpitch Softball Glove: MFGCYFP98R2",mfgcyfp98r2,https://www.justballgloves.com/product/marucci-cypress-12-75--fastpitch-softball-glove--mfgcyfp98r2/?rfsn=9019128.19c2ec
marucci-mfg3mg78r3fp-w/tf-fastpitch,fastpitch,Marucci,"Marucci Magnolia 12.75"" Fastpitch Softball Glove: MFG3MG78R3FP-W/TF",mfg3mg78r3fp-w-tf,https://www.justballgloves.com/product/marucci-magnolia-12-75--fastpitch-softball-glove--mfg3mg78r3fp-w-tf/?rfsn=9019128.19c2ec
marucci-mfgasfp97a6-fastpitch,fastpitch,Marucci,"Marucci Ascension 12.5"" Fastpitch Softball Glove: MFGASFP97A6",mfgasfp97a6,https://www.justballgloves.com/product/marucci-ascension-12-5--fastpitch-softball-glove--mfgasfp97a6/?rfsn=9019128.19c2ec
marucci-mfgcdfp125-fastpitch,fastpitch,Marucci,"Marucci Caddo 12.5"" Fastpitch Softball Glove: MFGCDFP125",mfgcdfp125,https://www.justballgloves.com/product/marucci-caddo-12-5--fastpitch-softball-glove--mfgcdfp125/?rfsn=9019128.19c2ec
marucci-mfgcyfp97r3-fastpitch,fastpitch,Marucci,"Marucci Cypress 12.5"" Fastpitch Softball Glove: MFGCYFP97R3",mfgcyfp97r3,https://www.justballgloves.com/product/marucci-cypress-12-5--fastpitch-softball-glove--mfgcyfp97r3/?rfsn=9019128.19c2ec
mizuno-gxs50pf3-fastpitch,fastpitch,Mizuno,"Mizuno MVP Prime 34"" Fastpitch Catcher's Mitt: GXS50PF3",gxs50pf3,https://www.justballgloves.com/product/mizuno-mvp-prime-34--fastpitch-catchers-mitt--gxs50pf3/?rfsn=9019128.19c2ec
mizuno-gxs50pf4w-fastpitch,fastpitch,Mizuno,"Mizuno MVP Prime 34"" Fastpitch Softball Catcher's Mitt: GXS50PF4W",gxs50pf4w,https://www.justballgloves.com/product/mizuno-mvp-prime-34--fastpitch-softball-catchers-mitt--gxs50pf4w/?rfsn=9019128.19c2ec
mizuno-gpsf-20-fastpitch,fastpitch,Mizuno,"Mizuno Pro Select 34.5"" Fastpitch Softball Catcher's Mitt: GPSF-20",gpsf-20,https://www.justballgloves.com/product/mizuno-pro-select-34-5--fastpitch-softball-catchers-mitt--gpsf-20/?rfsn=9019128.19c2ec
mizuno-gpsf-30-fastpitch,fastpitch,Mizuno,"Mizuno Pro Select 12.50"" Fastpitch Softball First Base Mitt: GPSF-30",gpsf-30,https://www.justballgloves.com/product/mizuno-pro-select-12-50--fastpitch-softball-first-base-mitt--gpsf-30/?rfsn=9019128.19c2ec
mizuno-gmvp1150pf4w-fastpitch,fastpitch,Mizuno,"Mizuno MVP Prime 11.5"" Fastpitch Softball Glove: GMVP1150PF4W",gmvp1150pf4w,https://www.justballgloves.com/product/mizuno-mvp-prime-11-5--fastpitch-softball-glove--gmvp1150pf4w/?rfsn=9019128.19c2ec
mizuno-gmvpf-50mp-fastpitch,fastpitch,Mizuno,"Mizuno MVP Prime 11.75"" Fastpitch Softball Glove: GMVPF-50MP",gmvpf-50mp,https://www.justballgloves.com/product/mizuno-mvp-prime-11-75--fastpitch-softball-glove--gmvpf-50mp/?rfsn=9019128.19c2ec
mizuno-gpe1150f1-fastpitch,fastpitch,Mizuno,"Mizuno Prime Elite 11.5"" Fastpitch Softball Glove: GPE1150F1",gpe1150f1,https://www.justballgloves.com/product/mizuno-prime-elite-11-5--fastpitch-softball-glove--gpe1150f1/?rfsn=9019128.19c2ec
mizuno-gpexf-40-fastpitch,fastpitch,Mizuno,"Mizuno Prime Elite 11.5"" Fastpitch Softball Glove: GPEXF-40",gpexf-40,https://www.justballgloves.com/product/mizuno-prime-elite-11-5--fastpitch-softball-glove--gpexf-40/?rfsn=9019128.19c2ec
mizuno-gpe1175f1-fastpitch,fastpitch,Mizuno,"Mizuno Prime Elite 11.75"" Fastpitch Softball Glove: GPE1175F1",gpe1175f1,https://www.justballgloves.com/product/mizuno-prime-elite-11-75--fastpitch-softball-glove--gpe1175f1/?rfsn=9019128.19c2ec
mizuno-gpexf-50-fastpitch,fastpitch,Mizuno,"Mizuno Prime Elite 11.75"" Fastpitch Softball Glove: GPEXF-50",gpexf-50,https://www.justballgloves.com/product/mizuno-prime-elite-11-75--fastpitch-softball-glove--gpexf-50/?rfsn=9019128.19c2ec
mizuno-gpp1000f4-fastpitch,fastpitch,Mizuno,"Mizuno Prospect Finch 10"" Youth Fastpitch Softball Glove: GPP1000F4",gpp1000f4,https://www.justballgloves.com/product/mizuno-prospect-finch-10-youth--fastpitch-softball-glove--gpp1000f4/?rfsn=9019128.19c2ec
mizuno-gpp1100f4-fastpitch,fastpitch,Mizuno,"Mizuno Prospect Finch 11"" Youth Fastpitch Softball Glove: GPP1100F4",gpp1100f4,https://www.justballgloves.com/product/mizuno-prospect-finch-11-youth--fastpitch-softball-glove--gpp1100f4/?rfsn=9019128.19c2ec
mizuno-gpp1150f4-fastpitch,fastpitch,Mizuno,"Mizuno Prospect Finch 11.5"" Youth Fastpitch Softball Glove: GPP1150F4",gpp1150f4,https://www.justballgloves.com/product/mizuno-prospect-finch-11-5-youth--fastpitch-softball-glove--gpp1150f4/?rfsn=9019128.19c2ec
mizuno-gfn1200f5-fastpitch,fastpitch,Mizuno,"Mizuno Franchise 12"" Fastpitch Softball Glove: GFN1200F5",gfn1200f5,https://www.justballgloves.com/product/mizuno-franchise-12--fastpitch-softball-glove--gfn1200f5/?rfsn=9019128.19c2ec
mizuno-gpe1200f2-fastpitch,fastpitch,Mizuno,"Mizuno Prime Elite 12"" Fastpitch Softball Glove: GPE1200F2",gpe1200f2,https://www.justballgloves.com/product/mizuno-prime-elite-12--fastpitch-softball-glove--gpe1200f2/?rfsn=9019128.19c2ec
mizuno-gpexf-10-fastpitch,fastpitch,Mizuno,"Mizuno Prime Elite 12"" Fastpitch Softball Glove: GPEXF-10",gpexf-10,https://www.justballgloves.com/product/mizuno-prime-elite-12--fastpitch-softball-glove--gpexf-10/?rfsn=9019128.19c2ec
mizuno-gpsf-10d-fastpitch,fastpitch,Mizuno,"Mizuno Pro Select 12"" Fastpitch Softball Glove: GPSF-10D",gpsf-10d,https://www.justballgloves.com/product/mizuno-pro-select-12--fastpitch-softball-glove--gpsf-10d/?rfsn=9019128.19c2ec
mizuno-gpsf-11d-fastpitch,fastpitch,Mizuno,"Mizuno Pro Select 12"" Fastpitch Softball Glove: GPSF-11D",gpsf-11d,https://www.justballgloves.com/product/mizuno-pro-select-12--fastpitch-softball-glove--gpsf-11d/?rfsn=9019128.19c2ec
mizuno-gpsf-13d-fastpitch,fastpitch,Mizuno,"Mizuno Pro Select 12"" Fastpitch Softball Glove: GPSF-13D",gpsf-13d,https://www.justballgloves.com/product/mizuno-pro-select-12--fastpitch-softball-glove--gpsf-13d/?rfsn=9019128.19c2ec
mizuno-gmvp1200pf4w-fastpitch,fastpitch,Mizuno,"Mizuno MVP Prime 12"" Fastpitch Softball Glove: GMVP1200PF4W",gmvp1200pf4w,https://www.justballgloves.com/product/mizuno-mvp-prime-12--fastpitch-softball-glove--gmvp1200pf4w/?rfsn=9019128.19c2ec
mizuno-gmvp1200pf5-fastpitch,fastpitch,Mizuno,"Mizuno MVP Prime 12"" Fastpitch Softball Glove: GMVP1200PF5",gmvp1200pf5,https://www.justballgloves.com/product/mizuno-mvp-prime-12--fastpitch-softball-glove--gmvp1200pf5/?rfsn=9019128.19c2ec
mizuno-gmvpf-10mp-fastpitch,fastpitch,Mizuno,"Mizuno MVP Prime 12"" Fastpitch Softball Glove: GMVPF-10MP",gmvpf-10mp,https://www.justballgloves.com/product/mizuno-mvp-prime-12--fastpitch-softball-glove--gmvpf-10mp/?rfsn=9019128.19c2ec
mizuno-gpe1200f1a-fastpitch,fastpitch,Mizuno,"Mizuno Prime Elite 12"" Fastpitch Softball Glove: GPE1200F1A",gpe1200f1a,https://www.justballgloves.com/product/mizuno-prime-elite-12--fastpitch-softball-glove--gpe1200f1a/?rfsn=9019128.19c2ec
mizuno-gfn1300f5-fastpitch,fastpitch,Mizuno,"Mizuno Franchise 13"" Fastpitch Softball Glove: GFN1300F5",gfn1300f5,https://www.justballgloves.com/product/mizuno-franchise-13--fastpitch-softball-glove--gfn1300f5/?rfsn=9019128.19c2ec
mizuno-gmvp1300pf4w-fastpitch,fastpitch,Mizuno,"Mizuno MVP Prime 13"" Fastpitch Softball Glove: GMVP1300PF4W",gmvp1300pf4w,https://www.justballgloves.com/product/mizuno-mvp-prime-13--fastpitch-softball-glove--gmvp1300pf4w/?rfsn=9019128.19c2ec
mizuno-gpe1300f1-fastpitch,fastpitch,Mizuno,"Mizuno Prime Elite 13"" Fastpitch Softball Glove: GPE1300F1",gpe1300f1,https://www.justballgloves.com/product/mizuno-prime-elite-13--fastpitch-softball-glove--gpe1300f1/?rfsn=9019128.19c2ec
mizuno-gpe1300f2-fastpitch,fastpitch,Mizuno,"Mizuno Prime Elite 13"" Fastpitch Softball Glove: GPE1300F2",gpe1300f2,https://www.justballgloves.com/product/mizuno-prime-elite-13--fastpitch-softball-glove--gpe1300f2/?rfsn=9019128.19c2ec
mizuno-gpsf-70d-fastpitch,fastpitch,Mizuno,"Mizuno Pro Select 12.5"" Fastpitch Softball Glove: GPSF-70D",gpsf-70d,https://www.justballgloves.com/product/mizuno-pro-select-12-5--fastpitch-softball-glove--gpsf-70d/?rfsn=9019128.19c2ec
mizuno-gpsf-71d-fastpitch,fastpitch,Mizuno,"Mizuno Pro Select 12.5"" Fastpitch Softball Glove: GPSF-71D",gpsf-71d,https://www.justballgloves.com/product/mizuno-pro-select-12-5--fastpitch-softball-glove--gpsf-71d/?rfsn=9019128.19c2ec
mizuno-gpsf-72d-fastpitch,fastpitch,Mizuno,"Mizuno Pro Select 12.5"" Fastpitch Softball Glove: GPSF-72D",gpsf-72d,https://www.justballgloves.com/product/mizuno-pro-select-12-5--fastpitch-softball-glove--gpsf-72d/?rfsn=9019128.19c2ec
mizuno-gfn1250f5-fastpitch,fastpitch,Mizuno,"Mizuno Franchise 12.5"" Fastpitch Softball Glove: GFN1250F5",gfn1250f5,https://www.justballgloves.com/product/mizuno-franchise-12-5--fastpitch-softball-glove--gfn1250f5/?rfsn=9019128.19c2ec
mizuno-gmvp1250pf4w-fastpitch,fastpitch,Mizuno,"Mizuno MVP Prime 12.5"" Fastpitch Softball Glove: GMVP1250PF4W",gmvp1250pf4w,https://www.justballgloves.com/product/mizuno-mvp-prime-12-5--fastpitch-softball-glove--gmvp1250pf4w/?rfsn=9019128.19c2ec
mizuno-gmvpf-60mp-fastpitch,fastpitch,Mizuno,"Mizuno MVP Prime 12.5"" Fastpitch Softball Glove: GMVPF-60MP",gmvpf-60mp,https://www.justballgloves.com/product/mizuno-mvp-prime-12-5--fastpitch-softball-glove--gmvpf-60mp/?rfsn=9019128.19c2ec
mizuno-gpe1250f2-fastpitch,fastpitch,Mizuno,"Mizuno Prime Elite 12.5"" Fastpitch Softball Glove: GPE1250F2",gpe1250f2,https://www.justballgloves.com/product/mizuno-prime-elite-12-5--fastpitch-softball-glove--gpe1250f2/?rfsn=9019128.19c2ec
mizuno-gpexf-60-fastpitch,fastpitch,Mizuno,"Mizuno Prime Elite 12.5"" Fastpitch Softball Glove: GPEXF-60",gpexf-60,https://www.justballgloves.com/product/mizuno-prime-elite-12-5--fastpitch-softball-glove--gpexf-60/?rfsn=9019128.19c2ec
rawlings-procm33fp-24gcb-fastpitch,fastpitch,Rawlings,"Rawlings Heart of the Hide 33"" Fastpitch Softball Catcher's Mitt: PROCM33FP-24GCB",procm33fp-24gcb,https://www.justballgloves.com/product/rawlings-heart-of-the-hide-33--fastpitch-softball-catchers-mitt--procm33fp-24gcb/?rfsn=9019128.19c2ec
rawlings-rlacm33fp-24gw-fastpitch,fastpitch,Rawlings,"Rawlings Liberty Advanced 33"" Fastpitch Softball Catcher's Mitt: RLACM33FP-24GW",rlacm33fp-24gw,https://www.justballgloves.com/product/rawlings-liberty-advanced-33--fastpitch-softball-catchers-mitt--rlacm33fp-24gw/?rfsn=9019128.19c2ec
rawlings-rlacm34w-fastpitch,fastpitch,Rawlings,"Rawlings Liberty Advanced 34"" Fastpitch Catcher's Mitt: RLACM34W",rlacm34w,https://www.justballgloves.com/product/rawlings-liberty-advanced-34--fastpitch-catchers-mitt--rlacm34w/?rfsn=9019128.19c2ec
rawlings-rr9sbcm33-24b-fastpitch,fastpitch,Rawlings,"Rawlings R9 33"" Fastpitch Softball Catcher's Mitt: RR9SBCM33-24B",rr9sbcm33-24b,https://www.justballgloves.com/product/rawlings-r9-33--fastpitch-softball-catchers-mitt--rr9sbcm33-24b/?rfsn=9019128.19c2ec
rawlings-prodctsbw-fastpitch,fastpitch,Rawlings,"Rawlings Heart of the Hide 13"" Fastpitch First Base Mitt: PRODCTSBW",prodctsbw,https://www.justballgloves.com/product/rawlings-heart-of-the-hide-13--fastpitch-first-base-mitt--prodctsbw/?rfsn=9019128.19c2ec
rawlings-rladctsbwng-fastpitch,fastpitch,Rawlings,"Rawlings Liberty Advanced 4.0 Color Series 13"" Fastpitch Softball First Base Mitt: RLADCTSBWNG",rladctsbwng,https://www.justballgloves.com/product/rawlings-liberty-advanced-4-0-color-series-13--fastpitch-softball-first-base-mitt--rladctsbwng/?rfsn=9019128.19c2ec
rawlings-rladctsbwpug-fastpitch,fastpitch,Rawlings,"Rawlings Liberty Advanced Color Series 13"" Fastpitch Softball First Base Mitt: RLADCTSBWPUG",rladctsbwpug,https://www.justballgloves.com/product/rawlings-liberty-advanced-color-series-13--fastpitch-softball-first-base-mitt--rladctsbwpug/?rfsn=9019128.19c2ec
rawlings-rladctsbgcb-fastpitch,fastpitch,Rawlings,"Rawlings Liberty Advanced Color Series 4.0 13"" Fastpitch Softball First Base Mitt: RLADCTSBGCB",rladctsbgcb,https://www.justballgloves.com/product/rawlings-liberty-advanced-color-series-4-0-13--fastpitch-softball-first-base-mitt--rladctsbgcb/?rfsn=9019128.19c2ec
rawlings-rladctsbwsg-fastpitch,fastpitch,Rawlings,"Rawlings Liberty Advanced Color Series 4.0 13"" Fastpitch Softball First Base Mitt: RLADCTSBWSG",rladctsbwsg,https://www.justballgloves.com/product/rawlings-liberty-advanced-color-series-4-0-13--fastpitch-softball-first-base-mitt--rladctsbwsg/?rfsn=9019128.19c2ec
rawlings-rr9sbfbm-17b-fastpitch,fastpitch,Rawlings,"Rawlings R9 12.5"" Fastpitch Softball First Base Mitt: RR9SBFBM-17B",rr9sbfbm-17b,https://www.justballgloves.com/product/rawlings-r9-12-5--fastpitch-softball-first-base-mitt--rr9sbfbm-17b/?rfsn=9019128.19c2ec
rawlings-rsofbm12w-fastpitch,fastpitch,Rawlings,"Rawlings Shut Out 12"" Fastpitch First Base Mitt: RSOFBM12W",rsofbm12w,https://www.justballgloves.com/product/rawlings-shut-out-12--fastpitch-first-base-mitt--rsofbm12w/?rfsn=9019128.19c2ec
rawlings-rsofbm12-fastpitch,fastpitch,Rawlings,"Rawlings Shut Out 12"" Youth Fastpitch Softball First Base Mitt: RSOFBM12",rsofbm12,https://www.justballgloves.com/product/rawlings-shut-out-12-youth--fastpitch-softball-first-base-mitt--rsofbm12/?rfsn=9019128.19c2ec
rawlings-pro204sb-2cc-fastpitch,fastpitch,Rawlings,"Rawlings Heart of the Hide 11.5"" Fastpitch Softball Glove: PRO204SB-2CC",pro204sb-2cc,https://www.justballgloves.com/product/rawlings-heart-of-the-hide-11-5--fastpitch-softball-glove--pro204sb-2cc/?rfsn=9019128.19c2ec
rawlings-pro715sb-6gp-fastpitch,fastpitch,Rawlings,"Rawlings Heart of the Hide 11.75"" Fastpitch Softball Glove: PRO715SB-6GP",pro715sb-6gp,https://www.justballgloves.com/product/rawlings-heart-of-the-hide-11-75--fastpitch-softball-glove--pro715sb-6gp/?rfsn=9019128.19c2ec
rawlings-pro715sb-6n-fastpitch,fastpitch,Rawlings,"Rawlings Heart of the Hide 11.75"" Fastpitch Softball Glove: PRO715SB-6N",pro715sb-6n,https://www.justballgloves.com/product/rawlings-heart-of-the-hide-11-75--fastpitch-softball-glove--pro715sb-6n/?rfsn=9019128.19c2ec
rawlings-rla115-3w-fastpitch,fastpitch,Rawlings,"Rawlings Liberty Advanced 11.50"" Fastpitch Softball Glove: RLA115-3W",rla115-3w,https://www.justballgloves.com/product/rawlings-liberty-advanced-11-50--fastpitch-softball-glove--rla115-3w/?rfsn=9019128.19c2ec
rawlings-rla715-32g-fastpitch,fastpitch,Rawlings,"Rawlings Liberty Advanced 11.75"" Fastpitch Softball Glove: RLA715-32G",rla715-32g,https://www.justballgloves.com/product/rawlings-liberty-advanced-11-75--fastpitch-softball-glove--rla715-32g/?rfsn=9019128.19c2ec
rawlings-rla115-3wwp-fastpitch,fastpitch,Rawlings,"Rawlings Liberty Advanced Color Series 4.0 11.5"" Fastpitch Softball Glove: RLA115-3WWP",rla115-3wwp,https://www.justballgloves.com/product/rawlings-liberty-advanced-color-series-4-0-11-5--fastpitch-softball-glove--rla115-3wwp/?rfsn=9019128.19c2ec
rawlings-rla715-32gcb-fastpitch,fastpitch,Rawlings,"Rawlings Liberty Advanced Color Series 4.0 11.75"" Fastpitch Softball Glove: RLA715-32GCB",rla715-32gcb,https://www.justballgloves.com/product/rawlings-liberty-advanced-color-series-4-0-11-75--fastpitch-softball-glove--rla715-32gcb/?rfsn=9019128.19c2ec
rawlings-rla715sb-2gcb-fastpitch,fastpitch,Rawlings,"Rawlings Liberty Advanced Color Series 4.0 11.75"" Fastpitch Softball Glove: RLA715SB-2GCB",rla715sb-2gcb,https://www.justballgloves.com/product/rawlings-liberty-advanced-color-series-4-0-11-75--fastpitch-softball-glove--rla715sb-2gcb/?rfsn=9019128.19c2ec
rawlings-rr9sb715-2b-fastpitch,fastpitch,Rawlings,"Rawlings R9 11.75"" Fastpitch Softball Glove: RR9SB715-2B",rr9sb715-2b,https://www.justballgloves.com/product/rawlings-r9-11-75--fastpitch-softball-glove--rr9sb715-2b/?rfsn=9019128.19c2ec
rawlings-rr9sb115u-31gb-fastpitch,fastpitch,Rawlings,"Rawlings R9 Contour 11.5"" Fastpitch Softball Glove: RR9SB115U-31GB",rr9sb115u-31gb,https://www.justballgloves.com/product/rawlings-r9-contour-11-5--fastpitch-softball-glove--rr9sb115u-31gb/?rfsn=9019128.19c2ec
rawlings-rso115w-fastpitch,fastpitch,Rawlings,"Rawlings Shut Out 11.5"" Fastpitch Softball Glove: RSO115W",rso115w,https://www.justballgloves.com/product/rawlings-shut-out-11-5--fastpitch-softball-glove--rso115w/?rfsn=9019128.19c2ec
rawlings-rso120w-fastpitch,fastpitch,Rawlings,"Rawlings Shut Out 12"" Fastpitch Softball Glove: RSO120W",rso120w,https://www.justballgloves.com/product/rawlings-shut-out-12--fastpitch-softball-glove--rso120w/?rfsn=9019128.19c2ec
rawlings-pro120sb-32cp-fastpitch,fastpitch,Rawlings,"Rawlings Heart of the Hide 12"" Fastpitch Softball Glove: PRO120SB-32CP",pro120sb-32cp,https://www.justballgloves.com/product/rawlings-heart-of-the-hide-12--fastpitch-softball-glove--pro120sb-32cp/?rfsn=9019128.19c2ec
rawlings-prosr32-fastpitch,fastpitch,Rawlings,"Rawlings Heart of the Hide SR32 Sierra Romero 12"" Fastpitch Softball Glove: PROSR32",prosr32,https://www.justballgloves.com/product/rawlings-heart-of-the-hide-sr32-sierra-romero-12--fastpitch-softball-glove--prosr32/?rfsn=9019128.19c2ec
rawlings-prosr32c-fastpitch,fastpitch,Rawlings,"Rawlings Heart of the Hide SR32 Sierra Romero 12"" Fastpitch Softball Glove: PROSR32C",prosr32c,https://www.justballgloves.com/product/rawlings-heart-of-the-hide-sr32-sierra-romero-12--fastpitch-softball-glove--prosr32c/?rfsn=9019128.19c2ec
rawlings-rla120-31wcb-fastpitch,fastpitch,Rawlings,"Rawlings Liberty Advanced 12"" Fastpitch Softball Glove: RLA120-31WCB",rla120-31wcb,https://www.justballgloves.com/product/rawlings-liberty-advanced-12--fastpitch-softball-glove--rla120-31wcb/?rfsn=9019128.19c2ec
rawlings-rla120-3gcb-fastpitch,fastpitch,Rawlings,"Rawlings Liberty Advanced Color Series 4.0 12"" Fastpitch Softball Glove: RLA120-3GCB",rla120-3gcb,https://www.justballgloves.com/product/rawlings-liberty-advanced-color-series-4-0-12--fastpitch-softball-glove--rla120-3gcb/?rfsn=9019128.19c2ec
rawlings-rr9sb120-4b-fastpitch,fastpitch,Rawlings,"Rawlings R9 12"" Fastpitch Softball Glove: RR9SB120-4B",rr9sb120-4b,https://www.justballgloves.com/product/rawlings-r9-12--fastpitch-softball-glove--rr9sb120-4b/?rfsn=9019128.19c2ec
rawlings-rr9sb120-6cb-fastpitch,fastpitch,Rawlings,"Rawlings R9 12"" Fastpitch Softball Glove: RR9SB120-6CB",rr9sb120-6cb,https://www.justballgloves.com/product/rawlings-r9-12--fastpitch-softball-glove--rr9sb120-6cb/?rfsn=9019128.19c2ec
rawlings-r9sb120u-6gb-fastpitch,fastpitch,Rawlings,"Rawlings R9 Contour 12"" Fastpitch Softball Glove: R9SB120U-6GB",r9sb120u-6gb,https://www.justballgloves.com/product/rawlings-r9-contour-12--fastpitch-softball-glove--r9sb120u-6gb/?rfsn=9019128.19c2ec
rawlings-rev207-18cb-fastpitch,fastpitch,Rawlings,"Rawlings REV1X 12.25"" Fastpitch Glove: REV207-18CB",rev207-18cb,https://www.justballgloves.com/product/rawlings-rev1x-12-25--fastpitch-glove--rev207-18cb/?rfsn=9019128.19c2ec
rawlings-rev207sb-fastpitch,fastpitch,Rawlings,"Rawlings REV1X 12.25"" Fastpitch Softball Glove: REV207SB",rev207sb,https://www.justballgloves.com/product/rawlings-rev1x-12-25--fastpitch-softball-glove--rev207sb/?rfsn=9019128.19c2ec
rawlings-pro1275sb-6cn-fastpitch,fastpitch,Rawlings,"Rawlings Heart of the Hide 12.75"" Fastpitch Softball Glove: PRO1275SB-6CN",pro1275sb-6cn,https://www.justballgloves.com/product/rawlings-heart-of-the-hide-12-75--fastpitch-softball-glove--pro1275sb-6cn/?rfsn=9019128.19c2ec
rawlings-rr9sb130-6b-fastpitch,fastpitch,Rawlings,"Rawlings R9 13"" Fastpitch Softball Glove: RR9SB130-6B",rr9sb130-6b,https://www.justballgloves.com/product/rawlings-r9-13--fastpitch-softball-glove--rr9sb130-6b/?rfsn=9019128.19c2ec
rawlings-rso130w-fastpitch,fastpitch,Rawlings,"Rawlings Shut Out 13"" Fastpitch Softball Glove: RSO130W",rso130w,https://www.justballgloves.com/product/rawlings-shut-out-13--fastpitch-softball-glove--rso130w/?rfsn=9019128.19c2ec
rawlings-rsocm315w-fastpitch,fastpitch,Rawlings,"Rawlings Shut Out 31.5"" Fastpitch Softball Glove: RSOCM315W",rsocm315w,https://www.justballgloves.com/product/rawlings-shut-out-31-5--fastpitch-softball-glove--rsocm315w/?rfsn=9019128.19c2ec
rawlings-pro125sb-15cb-fastpitch,fastpitch,Rawlings,"Rawlings Heart of the Hide 12.5"" Fastpitch Softball Glove: PRO125SB-15CB",pro125sb-15cb,https://www.justballgloves.com/product/rawlings-heart-of-the-hide-12-5--fastpitch-softball-glove--pro125sb-15cb/?rfsn=9019128.19c2ec
rawlings-pro125sb-3cbw-fastpitch,fastpitch,Rawlings,"Rawlings Heart of the Hide 12.5"" Fastpitch Softball Glove: PRO125SB-3CBW",pro125sb-3cbw,https://www.justballgloves.com/product/rawlings-heart-of-the-hide-12-5--fastpitch-softball-glove--pro125sb-3cbw/?rfsn=9019128.19c2ec
rawlings-rla125-3wcb-fastpitch,fastpitch,Rawlings,"Rawlings Liberty Advanced 12.5"" Fastpitch Softball Glove: RLA125-3WCB",rla125-3wcb,https://www.justballgloves.com/product/rawlings-liberty-advanced-12-5--fastpitch-softball-glove--rla125-3wcb/?rfsn=9019128.19c2ec
rawlings-rla125-18wsg-fastpitch,fastpitch,Rawlings,"Rawlings Liberty Advanced Color Series 4.0 12.5"" Fastpitch Softball Glove: RLA125-18WSG",rla125-18wsg,https://www.justballgloves.com/product/rawlings-liberty-advanced-color-series-4-0-12-5--fastpitch-softball-glove--rla125-18wsg/?rfsn=9019128.19c2ec
rawlings-rla125krg-fastpitch,fastpitch,Rawlings,"Rawlings Liberty Advanced Keilani Ricketts 12.5"" Fastpitch Softball Glove: RLA125KRG",rla125krg,https://www.justballgloves.com/product/rawlings-liberty-advanced-keilani-ricketts-12-5--fastpitch-softball-glove--rla125krg/?rfsn=9019128.19c2ec
rawlings-rr9sb125-18b-fastpitch,fastpitch,Rawlings,"Rawlings R9 12.5"" Fastpitch Softball Glove: RR9SB125-18B",rr9sb125-18b,https://www.justballgloves.com/product/rawlings-r9-12-5--fastpitch-softball-glove--rr9sb125-18b/?rfsn=9019128.19c2ec
rawlings-rr9sb125-3cb-fastpitch,fastpitch,Rawlings,"Rawlings R9 12.5"" Fastpitch Softball Glove: RR9SB125-3CB",rr9sb125-3cb,https://www.justballgloves.com/product/rawlings-r9-12-5--fastpitch-softball-glove--rr9sb125-3cb/?rfsn=9019128.19c2ec
rawlings-rso125w-fastpitch,fastpitch,Rawlings,"Rawlings Shut Out 12.5"" Fastpitch Softball Glove: RSO125W",rso125w,https://www.justballgloves.com/product/rawlings-shut-out-12-5--fastpitch-softball-glove--rso125w/?rfsn=9019128.19c2ec
shoeless-1300fpfb-fastpitch,fastpitch,Shoeless,"Shoeless Jane 13"" Fastpitch Softball First Base Mitt: 1300FPFB",1300fpfb,https://www.justballgloves.com/product/shoeless-jane-13--fastpitch-softball-first-base-mitt--1300fpfb/?rfsn=9019128.19c2ec
shoeless-1125fpcw-fastpitch,fastpitch,Shoeless,"Shoeless Jane 11.25"" Fastpitch Softball Glove: 1125FPCW",1125fpcw,https://www.justballgloves.com/product/shoeless-jane-11-25--fastpitch-softball-glove--1125fpcw/?rfsn=9019128.19c2ec
shoeless joe-3400fpcm-fastpitch,fastpitch,Shoeless Joe,"Shoeless Joe Shoeless Jane 34"" Fastpitch Softball Catcher's Mitt: 3400FPCM",3400fpcm,https://www.justballgloves.com/product/shoeless-joe-shoeless-jane-34--fastpitch-softball-catchers-mitt--3400fpcm/?rfsn=9019128.19c2ec
shoeless joe-3400fpcm-wna-fastpitch,fastpitch,Shoeless Joe,"Shoeless Joe Shoeless Jane 34"" Fastpitch Softball Catcher's Mitt: 3400FPCM-WNA",3400fpcm-wna,https://www.justballgloves.com/product/shoeless-joe-shoeless-jane-34--fastpitch-softball-catchers-mitt--3400fpcm-wna/?rfsn=9019128.19c2ec
shoeless joe-1250fpfb-fastpitch,fastpitch,Shoeless Joe,"Shoeless Joe Shoeless Jane 12.5"" Fastpitch First Base Mitt: 1250FPFB",1250fpfb,https://www.justballgloves.com/product/shoeless-joe-shoeless-jane-12-5--fastpitch-first-base-mitt--1250fpfb/?rfsn=9019128.19c2ec
shoeless joe-1300fpfbrwbk-fastpitch,fastpitch,Shoeless Joe,"Shoeless Joe Shoeless Jane Professional Series 13"" Fastpitch Softball First Base Mitt: 1300FPFBRWBK",1300fpfbrwbk,https://www.justballgloves.com/product/shoeless-joe-shoeless-jane-professional-series-13--fastpitch-softball-first-base-mitt--1300fpfbrwbk/?rfsn=9019128.19c2ec
shoeless joe-1300fpfbrwg-fastpitch,fastpitch,Shoeless Joe,"Shoeless Joe Shoeless Jane Professional Series 13"" Fastpitch Softball First Base Mitt: 1300FPFBRWG",1300fpfbrwg,https://www.justballgloves.com/product/shoeless-joe-shoeless-jane-professional-series-13--fastpitch-softball-first-base-mitt--1300fpfbrwg/?rfsn=9019128.19c2ec
shoeless joe-1300fpfbrwn-fastpitch,fastpitch,Shoeless Joe,"Shoeless Joe Shoeless Jane Professional Series 13"" Fastpitch Softball First Base Mitt: 1300FPFBRWN",1300fpfbrwn,https://www.justballgloves.com/product/shoeless-joe-shoeless-jane-professional-series-13--fastpitch-softball-first-base-mitt--1300fpfbrwn/?rfsn=9019128.19c2ec
shoeless joe-1175fphw-fastpitch,fastpitch,Shoeless Joe,"Shoeless Joe Shoeless Jane 11.75"" Fastpitch Softball Glove: 1175FPHW",1175fphw,https://www.justballgloves.com/product/shoeless-joe-shoeless-jane-11-75--fastpitch-softball-glove--1175fphw/?rfsn=9019128.19c2ec
shoeless joe-1175fphwb-fastpitch,fastpitch,Shoeless Joe,"Shoeless Joe Shoeless Jane 11.75"" Fastpitch Softball Glove: 1175FPHWB",1175fphwb,https://www.justballgloves.com/product/shoeless-joe-shoeless-jane-11-75--fastpitch-softball-glove--1175fphwb/?rfsn=9019128.19c2ec
shoeless joe-1175fphwr-fastpitch,fastpitch,Shoeless Joe,"Shoeless Joe Shoeless Jane 11.75"" Fastpitch Softball Glove: 1175FPHWR",1175fphwr,https://www.justballgloves.com/product/shoeless-joe-shoeless-jane-11-75--fastpitch-softball-glove--1175fphwr/?rfsn=9019128.19c2ec
shoeless joe-1175fphwrwn-fastpitch,fastpitch,Shoeless Joe,"Shoeless Joe Shoeless Jane Professional Series 11.75"" Fastpitch Softball Glove: 1175FPHWRWN",1175fphwrwn,https://www.justballgloves.com/product/shoeless-joe-shoeless-jane-professional-series-11-75--fastpitch-softball-glove--1175fphwrwn/?rfsn=9019128.19c2ec
shoeless joe-1175fphwrwr-fastpitch,fastpitch,Shoeless Joe,"Shoeless Joe Shoeless Jane Professional Series 11.75"" Fastpitch Softball Glove: 1175FPHWRWR",1175fphwrwr,https://www.justballgloves.com/product/shoeless-joe-shoeless-jane-professional-series-11-75--fastpitch-softball-glove--1175fphwrwr/?rfsn=9019128.19c2ec
shoeless joe-1200fpbw-fastpitch,fastpitch,Shoeless Joe,"Shoeless Joe Shoeless Jane 12"" Fastpitch Softball Glove: 1200FPBW",1200fpbw,https://www.justballgloves.com/product/shoeless-joe-shoeless-jane-12--fastpitch-softball-glove--1200fpbw/?rfsn=9019128.19c2ec
shoeless joe-1200fpbwrwb-fastpitch,fastpitch,Shoeless Joe,"Shoeless Joe Shoeless Jane Professional Series 12"" Fastpitch Softball Glove: 1200FPBWRWB",1200fpbwrwb,https://www.justballgloves.com/product/shoeless-joe-shoeless-jane-professional-series-12--fastpitch-softball-glove--1200fpbwrwb/?rfsn=9019128.19c2ec
shoeless joe-1200fpbwrwbk-fastpitch,fastpitch,Shoeless Joe,"Shoeless Joe Shoeless Jane Professional Series 12"" Fastpitch Softball Glove: 1200FPBWRWBK",1200fpbwrwbk,https://www.justballgloves.com/product/shoeless-joe-shoeless-jane-professional-series-12--fastpitch-softball-glove--1200fpbwrwbk/?rfsn=9019128.19c2ec
shoeless joe-1200fpbwrwn-fastpitch,fastpitch,Shoeless Joe,"Shoeless Joe Shoeless Jane Professional Series 12"" Fastpitch Softball Glove: 1200FPBWRWN",1200fpbwrwn,https://www.justballgloves.com/product/shoeless-joe-shoeless-jane-professional-series-12--fastpitch-softball-glove--1200fpbwrwn/?rfsn=9019128.19c2ec
shoeless joe-1300fpbw-fastpitch,fastpitch,Shoeless Joe,"Shoeless Joe Shoeless Jane 13"" Fastpitch Softball Glove: 1300FPBW",1300fpbw,https://www.justballgloves.com/product/shoeless-joe-shoeless-jane-13--fastpitch-softball-glove--1300fpbw/?rfsn=9019128.19c2ec
shoeless joe-1250fpbw-fastpitch,fastpitch,Shoeless Joe,"Shoeless Joe Shoeless Jane 12.5"" Fastpitch Softball Glove: 1250FPBW",1250fpbw,https://www.justballgloves.com/product/shoeless-joe-shoeless-jane-12-5--fastpitch-softball-glove--1250fpbw/?rfsn=9019128.19c2ec
shoeless joe-1250fpwb-fastpitch,fastpitch,Shoeless Joe,"Shoeless Joe Shoeless Jane 12.5"" Fastpitch Softball Glove: 1250FPWB",1250fpwb,https://www.justballgloves.com/product/shoeless-joe-shoeless-jane-12-5--fastpitch-softball-glove--1250fpwb/?rfsn=9019128.19c2ec
wilson-wbw10142432-fastpitch,fastpitch,Wilson,"Wilson A500 Siren 32"" Youth Fastpitch Softball Catcher's Mitt: WBW10142432",wbw10142432,https://www.justballgloves.com/product/wilson-a500-siren-32--youth-fastpitch-softball-catchers-mitt--wbw10142432/?rfsn=9019128.19c2ec
wilson-wbw10356332-fastpitch,fastpitch,Wilson,"Wilson A500 Siren 32"" Youth Fastpitch Softball Catcher's Mitt: WBW10356332",wbw10356332,https://www.justballgloves.com/product/wilson-a500-siren-32--youth-fastpitch-softball-catchers-mitt--wbw10356332/?rfsn=9019128.19c2ec
wilson-wbw10147033-fastpitch,fastpitch,Wilson,"Wilson A700 33"" Fastpitch Softball Catcher's Mitt: WBW10147033",wbw10147033,https://www.justballgloves.com/product/wilson-a700-33--fastpitch-softball-catchers-mitt--wbw10147033/?rfsn=9019128.19c2ec
wilson-wbw101478125-fastpitch,fastpitch,Wilson,"Wilson A1000 1620 12.5"" Fastpitch Softball First Base Mitt: WBW101478125",wbw101478125,https://www.justballgloves.com/product/wilson-a1000-1620-12-5--fastpitch-softball-first-base-mitt--wbw101478125/?rfsn=9019128.19c2ec
wilson-wbw102598125-fastpitch,fastpitch,Wilson,"Wilson A1000 1620 12.5"" Fastpitch Softball First Base Mitt: WBW102598125",wbw102598125,https://www.justballgloves.com/product/wilson-a1000-1620-12-5--fastpitch-softball-first-base-mitt--wbw102598125/?rfsn=9019128.19c2ec
wilson-wbw103949125-fastpitch,fastpitch,Wilson,"Wilson A2000 FP1B 12.5"" Winter Collection Fastpitch Softball First Base Mitt: WBW103949125",wbw103949125,https://www.justballgloves.com/product/wilson-a2000-fp1b-12-5-winter-collection--fastpitch-softball-first-base-mitt--wbw103949125/?rfsn=9019128.19c2ec
wilson-wbw100219125-fastpitch,fastpitch,Wilson,"Wilson A2000 SuperSkin FP1B 12.50"" Fastpitch Softball First Base Mitt: WBW100219125",wbw100219125,https://www.justballgloves.com/product/wilson-a2000-superskin-fp1b-12-50--fastpitch-softball-first-base-mitt--wbw100219125/?rfsn=9019128.19c2ec
wilson-wbw1014551175-fastpitch,fastpitch,Wilson,"Wilson A1000 H1175 11.75"" Fastpitch Softball Glove: WBW1014551175",wbw1014551175,https://www.justballgloves.com/product/wilson-a1000-h1175-11-75--fastpitch-softball-glove--wbw1014551175/?rfsn=9019128.19c2ec
wilson-wbw10396912-fastpitch,fastpitch,Wilson,"Wilson A1000 H12 12"" Fastpitch Softball Glove: WBW10396912",wbw10396912,https://www.justballgloves.com/product/wilson-a1000-h12-12--fastpitch-softball-glove--wbw10396912/?rfsn=9019128.19c2ec
wilson-wbw10259112-fastpitch,fastpitch,Wilson,"Wilson A1000 IF12 12"" Fastpitch Softball Glove: WBW10259112",wbw10259112,https://www.justballgloves.com/product/wilson-a1000-if12-12--fastpitch-softball-glove--wbw10259112/?rfsn=9019128.19c2ec
wilson-wbw10262412-fastpitch,fastpitch,Wilson,"Wilson A2000 Classic SuperSkin H12 12"" Fastpitch Softball Glove: WBW10262412",wbw10262412,https://www.justballgloves.com/product/wilson-a2000-classic-superskin-h12-12--fastpitch-softball-glove--wbw10262412/?rfsn=9019128.19c2ec
wilson-wbw1026231175-fastpitch,fastpitch,Wilson,"Wilson A2000 Classic SuperSkin H75 11.75"" Fastpitch Softball Glove: WBW1026231175",wbw1026231175,https://www.justballgloves.com/product/wilson-a2000-classic-superskin-h75-11-75--fastpitch-softball-glove--wbw1026231175/?rfsn=9019128.19c2ec
wilson-wbw10348612-fastpitch,fastpitch,Wilson,"Wilson A2000 H12 12"" Fall Collection Fastpitch Softball Glove: WBW10348612",wbw10348612,https://www.justballgloves.com/product/wilson-a2000-h12-12-fall-collection--fastpitch-softball-glove--wbw10348612/?rfsn=9019128.19c2ec
wilson-wbw10329812-fastpitch,fastpitch,Wilson,"Wilson A2000 H12 12"" Summer Collection Fastpitch Softball Glove: WBW10329812",wbw10329812,https://www.justballgloves.com/product/wilson-a2000-h12-12-summer-collection--fastpitch-softball-glove--wbw10329812/?rfsn=9019128.19c2ec
wilson-wbw10483612-fastpitch,fastpitch,Wilson,"Wilson A2000 H12 Love The Moment 12"" Fastpitch Softball Glove: WBW10483612",wbw10483612,https://www.justballgloves.com/product/wilson-a2000-h12-love-the-moment-12--fastpitch-softball-glove--wbw10483612/?rfsn=9019128.19c2ec
wilson-wbw1002071175-fastpitch,fastpitch,Wilson,"Wilson A2000 H75 11.75"" Fastpitch Softball Glove: WBW1002071175",wbw1002071175,https://www.justballgloves.com/product/wilson-a2000-h75-11-75--fastpitch-softball-glove--wbw1002071175/?rfsn=9019128.19c2ec
wilson-wbw1004371175-fastpitch,fastpitch,Wilson,"Wilson A2000 H75 11.75"" Fastpitch Softball Glove: WBW1004371175",wbw1004371175,https://www.justballgloves.com/product/wilson-a2000-h75-11-75--fastpitch-softball-glove--wbw1004371175/?rfsn=9019128.19c2ec
wilson-wbw103985115-fastpitch,fastpitch,Wilson,"Wilson Flash 11.5"" Youth Fastpitch Softball Glove: WBW103985115",wbw103985115,https://www.justballgloves.com/product/wilson-flash-11-5-youth--fastpitch-softball-glove--wbw103985115/?rfsn=9019128.19c2ec
wilson-wbw10018012-fastpitch,fastpitch,Wilson,"Wilson A1000 P12 12"" Fastpitch Softball Glove: WBW10018012",wbw10018012,https://www.justballgloves.com/product/wilson-a1000-p12-12--fastpitch-softball-glove--wbw10018012/?rfsn=9019128.19c2ec
wilson-wbw10428712-fastpitch,fastpitch,Wilson,"Wilson A1000 P12 12"" Fastpitch Softball Glove: WBW10428712",wbw10428712,https://www.justballgloves.com/product/wilson-a1000-p12-12--fastpitch-softball-glove--wbw10428712/?rfsn=9019128.19c2ec
wilson-wbw10043512-fastpitch,fastpitch,Wilson,"Wilson A2000 SnakeSkin KS7 Spin Control Kelsey Stewart 12"" Fastpitch Softball Glove: WBW10043512",wbw10043512,https://www.justballgloves.com/product/wilson-a2000-snakeskin-ks7-spin-control-kelsey-stewart-12--fastpitch-softball-glove--wbw10043512/?rfsn=9019128.19c2ec
wilson-wbw1002081175-fastpitch,fastpitch,Wilson,"Wilson A2000 SuperSkin FP75 11.75"" Fastpitch Softball Glove: WBW1002081175",wbw1002081175,https://www.justballgloves.com/product/wilson-a2000-superskin-fp75-11-75--fastpitch-softball-glove--wbw1002081175/?rfsn=9019128.19c2ec
wilson-wbw1034871225-fastpitch,fastpitch,Wilson,"Wilson A2000 MA14 12.25"" Fastpitch Softball Glove Fall Collection: WBW1034871225",wbw1034871225,https://www.justballgloves.com/product/wilson-a2000-ma14-12-25--fastpitch-softball-glove--wbw1034871225/?rfsn=9019128.19c2ec
wilson-wbw10398712-fastpitch,fastpitch,Wilson,"Wilson Flash 12"" Youth Fastpitch Softball Glove: WBW10398712",wbw10398712,https://www.justballgloves.com/product/wilson-flash-12-youth--fastpitch-softball-glove--wbw10398712/?rfsn=9019128.19c2ec
wilson-wbw10043412-fastpitch,fastpitch,Wilson,"Wilson A2000 Spin Control SR32 Sierra Romero 12"" Fastpitch Softball Glove: WBW10043412",wbw10043412,https://www.justballgloves.com/product/wilson-a2000-spin-control-sr32-sierra-romero-12--fastpitch-softball-glove--wbw10043412/?rfsn=9019128.19c2ec
wilson-wbw10146612-fastpitch,fastpitch,Wilson,"Wilson A700 12"" Fastpitch Softball Glove: WBW10146612",wbw10146612,https://www.justballgloves.com/product/wilson-a700-12--fastpitch-softball-glove--wbw10146612/?rfsn=9019128.19c2ec
wilson-wbw101422125-fastpitch,fastpitch,Wilson,"Wilson A500 Siren 12.5"" Youth Fastpitch Softball Glove: WBW101422125",wbw101422125,https://www.justballgloves.com/product/wilson-a500-siren-12-5-youth--fastpitch-softball-glove--wbw101422125/?rfsn=9019128.19c2ec
wilson-wbw103561125-fastpitch,fastpitch,Wilson,"Wilson A500 Siren 12.5"" Youth Fastpitch Softball Glove: WBW103561125",wbw103561125,https://www.justballgloves.com/product/wilson-a500-siren-12-5-youth--fastpitch-softball-glove--wbw103561125/?rfsn=9019128.19c2ec
wilson-wbw103970125-fastpitch,fastpitch,Wilson,"Wilson A1000 SuperSkin T125 12.5"" Fastpitch Softball Glove: WBW103970125",wbw103970125,https://www.justballgloves.com/product/wilson-a1000-superskin-t125-12-5--fastpitch-softball-glove--wbw103970125/?rfsn=9019128.19c2ec
wilson-wbw102596125-fastpitch,fastpitch,Wilson,"Wilson A1000 T125 12.5"" Fastpitch Softball Glove: WBW102596125",wbw102596125,https://www.justballgloves.com/product/wilson-a1000-t125-12-5--fastpitch-softball-glove--wbw102596125/?rfsn=9019128.19c2ec
wilson-wbw102594125-fastpitch,fastpitch,Wilson,"Wilson A1000 V125 12.5"" Fastpitch Softball Glove: WBW102594125",wbw102594125,https://www.justballgloves.com/product/wilson-a1000-v125-12-5--fastpitch-softball-glove--wbw102594125/?rfsn=9019128.19c2ec
wilson-wbw102745125-fastpitch,fastpitch,Wilson,"Wilson A2000 AA4 Aliyah Andrews 12.5"" Spring Collection Fastpitch Softball Glove: WBW102745125",wbw102745125,https://www.justballgloves.com/product/wilson-a2000-aa4-aliyah-andrews-12-5-spring-collection--fastpitch-softball-glove--wbw102745125/?rfsn=9019128.19c2ec
wilson-wbw102109125-fastpitch,fastpitch,Wilson,"Wilson A2000 Autism Speaks SuperSkin V125 12.5"" Fastpitch Softball Glove: WBW102109125",wbw102109125,https://www.justballgloves.com/product/wilson-a2000-autism-speaks-superskin-v125-12-5--fastpitch-softball-glove--wbw102109125/?rfsn=9019128.19c2ec
wilson-wbw100216125-fastpitch,fastpitch,Wilson,"Wilson A2000 SuperSkin T125 12.5"" Fastpitch Softball Glove: WBW100216125",wbw100216125,https://www.justballgloves.com/product/wilson-a2000-superskin-t125-12-5--fastpitch-softball-glove--wbw100216125/?rfsn=9019128.19c2ec
wilson-wbw100441125-fastpitch,fastpitch,Wilson,"Wilson A2000 SuperSkin V125 Spin Control 12.5"" Fastpitch Softball Glove: WBW100441125",wbw100441125,https://www.justballgloves.com/product/wilson-a2000-superskin-v125-spin-control-12-5--fastpitch-softball-glove--wbw100441125/?rfsn=9019128.19c2ec
wilson-wbw103947125-fastpitch,fastpitch,Wilson,"Wilson A2000 T125 12.5"" Winter Collection Fastpitch Softball Glove: WBW103947125",wbw103947125,https://www.justballgloves.com/product/wilson-a2000-t125-12-5-winter-collection--fastpitch-softball-glove--wbw103947125/?rfsn=9019128.19c2ec
wilson-wbw1048125-fastpitch,fastpitch,Wilson,"Wilson A2000 T125 Love the Moment 12.5"" Fastpitch Softball Glove: WBW1048125",wbw1048125,https://www.justballgloves.com/product/wilson-a2000-t125-love-the-moment-12-5--fastpitch-softball-glove--wbw1048125/?rfsn=9019128.19c2ec
wilson-wbw1033001225-fastpitch,fastpitch,Wilson,"Wilson A2000 Super SnakeSkin FP50 12.25"" Summer Collection Fastpitch Softball Glove: WBW1033001225",wbw1033001225,https://www.justballgloves.com/product/wilson-a2000-super-snakeskin-fp50-12-25-summer-collection--fastpitch-softball-glove--wbw1033001225/?rfsn=9019128.19c2ec
easton-etnt130-6n-slowpitch,slowpitch,Easton,"Easton Tantrum Series 13"" Slow Pitch Softball Glove: ETNT130-6N",etnt130-6n,https://www.justballgloves.com/product/easton-tantrum-series-13--slow-pitch-softball-glove--etnt130-6n/?rfsn=9019128.19c2ec
easton-etnt130-6r-slowpitch,slowpitch,Easton,"Easton Tantrum Series 13"" Slow Pitch Softball Glove: ETNT130-6R",etnt130-6r,https://www.justballgloves.com/product/easton-tantrum-series-13--slow-pitch-softball-glove--etnt130-6r/?rfsn=9019128.19c2ec
easton-etnt135-6n-slowpitch,slowpitch,Easton,"Easton Tantrum Series 13.5"" Slow Pitch Softball Glove: ETNT135-6N",etnt135-6n,https://www.justballgloves.com/product/easton-tantrum-series-13-5--slow-pitch-softball-glove--etnt135-6n/?rfsn=9019128.19c2ec
easton-etnt135-6r-slowpitch,slowpitch,Easton,"Easton Tantrum Series 13.5"" Slow Pitch Softball Glove: ETNT135-6R",etnt135-6r,https://www.justballgloves.com/product/easton-tantrum-series-13-5--slow-pitch-softball-glove--etnt135-6r/?rfsn=9019128.19c2ec
easton-etnt140-6n-slowpitch,slowpitch,Easton,"Easton Tantrum Series 14"" Slow Pitch Softball Glove: ETNT140-6N",etnt140-6n,https://www.justballgloves.com/product/easton-tantrum-series-14--slow-pitch-softball-glove--etnt140-6n/?rfsn=9019128.19c2ec
easton-etnt140-6r-slowpitch,slowpitch,Easton,"Easton Tantrum Series 14"" Slow Pitch Softball Glove: ETNT140-6R",etnt140-6r,https://www.justballgloves.com/product/easton-tantrum-series-14--slow-pitch-softball-glove--etnt140-6r/?rfsn=9019128.19c2ec
easton-etnt150-6n-slowpitch,slowpitch,Easton,"Easton Tantrum Series 15"" Slow Pitch Softball Glove: ETNT150-6N",etnt150-6n,https://www.justballgloves.com/product/easton-tantrum-series-15--slow-pitch-softball-glove--etnt150-6n/?rfsn=9019128.19c2ec
easton-etnt150-6r-slowpitch,slowpitch,Easton,"Easton Tantrum Series 15"" Slow Pitch Softball Glove: ETNT150-6R",etnt150-6r,https://www.justballgloves.com/product/easton-tantrum-series-15--slow-pitch-softball-glove--etnt150-6r/?rfsn=9019128.19c2ec
miken-mps125-6gn-slowpitch,slowpitch,Miken,"Miken Player Series 12.5"" Slow Pitch Softball Glove: MPS125-6GN",mps125-6gn,https://www.justballgloves.com/product/miken-player-series-12-5--slow-pitch-softball-glove--mps125-6gn/?rfsn=9019128.19c2ec
miken-mps140-6gn-slowpitch,slowpitch,Miken,"Miken Player Series 14"" Slow Pitch Softball Glove: MPS140-6GN",mps140-6gn,https://www.justballgloves.com/product/miken-player-series-14--slow-pitch-softball-glove--mps140-6gn/?rfsn=9019128.19c2ec
miken-pro140-wcb-slowpitch,slowpitch,Miken,"Miken Pro Series 14"" Slow Pitch Softball Glove: PRO140-WCB",pro140-wcb,https://www.justballgloves.com/product/miken-pro-series-14--slow-pitch-softball-glove--pro140-wcb/?rfsn=9019128.19c2ec
miken-pro140-wg-slowpitch,slowpitch,Miken,"Miken Pro Series 14"" Slow Pitch Softball Glove: PRO140-WG",pro140-wg,https://www.justballgloves.com/product/miken-pro-series-14--slow-pitch-softball-glove--pro140-wg/?rfsn=9019128.19c2ec
miken-mps135-6gn-slowpitch,slowpitch,Miken,"Miken Player Series 13.5"" Slow Pitch Softball Glove: MPS135-6GN",mps135-6gn,https://www.justballgloves.com/product/miken-player-series-13-5--slow-pitch-softball-glove--mps135-6gn/?rfsn=9019128.19c2ec
miken-pro130-wcb-slowpitch,slowpitch,Miken,"Miken Pro Series 13"" Slow Pitch Softball Glove: PRO130-WCB",pro130-wcb,https://www.justballgloves.com/product/miken-pro-series-13--slow-pitch-softball-glove--pro130-wcb/?rfsn=9019128.19c2ec
miken-pro130-ww-slowpitch,slowpitch,Miken,"Miken Pro Series 13"" Slow Pitch Softball Glove: PRO130-WW",pro130-ww,https://www.justballgloves.com/product/miken-pro-series-13--slow-pitch-softball-glove--pro130-ww/?rfsn=9019128.19c2ec
miken-pro135-wcb-slowpitch,slowpitch,Miken,"Miken Pro Series 13.5"" Slow Pitch Softball Glove: PRO135-WCB",pro135-wcb,https://www.justballgloves.com/product/miken-pro-series-13-5--slow-pitch-softball-glove--pro135-wcb/?rfsn=9019128.19c2ec
miken-pro135-ww-slowpitch,slowpitch,Miken,"Miken Pro Series 13.5"" Slow Pitch Softball Glove: PRO135-WW",pro135-ww,https://www.justballgloves.com/product/miken-pro-series-13-5--slow-pitch-softball-glove--pro135-ww/?rfsn=9019128.19c2ec
shoeless joe-1400bw-slowpitch,slowpitch,Shoeless Joe,"Shoeless Joe Professional 14"" Slow Pitch Softball Glove: 1400BW",1400bw,https://www.justballgloves.com/product/shoeless-joe-professional-14--slow-pitch-softball-glove--1400bw/?rfsn=9019128.19c2ec
shoeless joe-1400hw-slowpitch,slowpitch,Shoeless Joe,"Shoeless Joe Professional 14"" Slow Pitch Softball Glove: 1400HW",1400hw,https://www.justballgloves.com/product/shoeless-joe-professional-14--slow-pitch-softball-glove--1400hw/?rfsn=9019128.19c2ec
shoeless joe-1401bw-slowpitch,slowpitch,Shoeless Joe,"Shoeless Joe Professional 14"" Slow Pitch Softball Glove: 1401BW",1401bw,https://www.justballgloves.com/product/shoeless-joe-professional-14--slow-pitch-softball-glove--1401bw/?rfsn=9019128.19c2ec
stinger-vsfld-jgbsnk-1225-slowpitch,slowpitch,Stinger,"Stinger Victory Series 12.25"" Slow Pitch Softball Glove: VSFLD-JGBSNK-1225",vsfld-jgbsnk-1225,https://www.justballgloves.com/product/stinger-victory-series-12-25--slow-pitch-softball-glove--vsfld-jgbsnk-1225/?rfsn=9019128.19c2ec
stinger-vsfld-jgtb125-slowpitch,slowpitch,Stinger,"Stinger Victory Series 12.5"" Slow Pitch Softball Glove: VSFLD-JGTB125",vsfld-jgtb125,https://www.justballgloves.com/product/stinger-victory-series-12-5--slow-pitch-softball-glove--vsfld-jgtb125/?rfsn=9019128.19c2ec
wilson-wbw10165014-slowpitch,slowpitch,Wilson,"Wilson A2000 SuperSkin SP14 14"" Slow Pitch Softball Glove: WBW10165014",wbw10165014,https://www.justballgloves.com/product/wilson-a2000-superskin-sp14-14--slow-pitch-softball-glove--wbw10165014/?rfsn=9019128.19c2ec
wilson-wbw101648135-slowpitch,slowpitch,Wilson,"Wilson A2000 13.5"" Slow Pitch Softball Glove: WBW101648135",wbw101648135,https://www.justballgloves.com/product/wilson-a2000-13-5--slow-pitch-softball-glove--wbw101648135/?rfsn=9019128.19c2ec
